{
    "transnbhd": "is",
    "usedfor": "is used for",
    "independent#f": "is more independent than",
    "atlocation": "is located in",
    "partof": "is part of",
    "hasproperty": "has property of",
    "desires": "desires",
    "relatedto": "is related to",
    "isa": "is a",
    "animal class": "animal class is",
    "hasa": "has a",
    "capableof": "is capable of",
    "createdby": "is created by",
    "efficient#f": "is more efficient than",
    "animal family": "animal family is",
    "receivesaction": "receive action",
    "animal kingdom": "animal kingdom is",
    "animal order": "animal order is",
    "animal phylum": "animal phylum is",
    "animal genus": "animal genus is",
    "tall#f": "is taller than",
    "small#f": "is smaller than",
    "fast#f": "is faster than",
    "cheap#f": "is cheaper than",
    "warm#f": "is warmer than",
    "protected#r": "is less pretected than",
    "good#f": "is better than",
    "safe#f": "is safer than",
    "high#f": "is higher than",
    "important#f": "is more important than",
    "cool#f": "is cooler than",
    "dry#f": "is dryer than",
    "slow#f": "is slower than",
    "natural#r": "is less natural than",
    "big#f": "is bigger than",
    "fat#f": "is fatter than",
    "compact#f": "is more compact than",
    "expensive#r": "is less expensive than",
    "intelligent#f": "is more intelligent than",
    "loyal#f": "is more loyal than",
    "active#f": "is more active than",
    "social#r": "is less social than",
    "common#f": "is more common than",
    "long#f": "is longer than",
    "dependable#f": "is more dependable than",
    "sweet#f": "is sweeter than",
    "quick#f": "is quicker than",
    "prevalent#f": "is more prevalent than",
    "light#f": "is lighter than",
    "dark#f": "is darker than",
    "tough#f": "is tougher than",
    "popular#f": "is more popular than",
    "heavy#f": "is heavier than",
    "visible#r": "is less visibler than",
    "large#f": "is larger than",
    "transportable#f": "is more transportable than",
    "strong#f": "is stronger than",
    "stable#r": "is less stable than",
    "dangerous#f": "is more dangerous than",
    "convenient#f": "is more convenient than",
    "vulnerable#f": "is more vulnerable than",
    "expensive#f": "is more expensive than",
    "strict#r": "is less stricter than",
    "muscular#f": "is more muscular than",
    "fat#r": "less fat than",
    "loyal#r": "is less loyal than",
    "blind#f": "is blinder than",
    "human#f": "is more human than",
    "aggressive#r": "is less aggressive than",
    "colorful#f": "is more colorful than",
    "complex#f": "is more complex than",
    "intense#f": "is more intense than",
    "red#f": "is redder than",
    "maneuverable#r": "is less manoeuvrable than",
    "accurate#f": "is more accurate than",
    "soft#f": "is softer than",
    "comfortable#f": "is more comfortable than",
    "strenuous#f": "is less strenuous than",
    "crowded#r": "is less crowded than",
    "acid#f": "is more acid than",
    "clean#f": "is cleaner than",
    "green#r": "is less greener than",
    "impassable#f": "is more impassable than",
    "easy#f": "is easier than",
    "maneuverable#f": "is more maneuverable than",
    "firm#f": "is firmer than",
    "powerful#f": "is more powerful than",
    "healthy#f": "is healthier than",
    "stressful#f": "is more stressful than",
    "loud#f": "is louder than",
    "sensible#f": "is sensibler than",
    "flexible#f": "is more flexible than",
    "safe#r": "is less safe than",
    "light#r": "is never lighter than",
    "skittish#f": "is more skittish than",
    "stable#f": "is more stable than",
    "trustworthy#f": "is more trustworthy than",
    "great#f": "is greater than",
    "reliable#f": "is more reliable than",
    "productive#f": "is more productive than",
    "solar#f": "is more solar than",
    "thick#f": "is thicker than",
    "effective#f": "is more effective than",
    "hot#f": "is hotter than",
    "low#f": "is lower than",
    "surface#f": "has more surface areas than",
    "playful#f": "is more playful than",
    "weak#f": "is weaker than",
    "frequent#f": "is more frequent than",
    "specific#f": "is more specific than",
    "primitive#f": "is more primitive than",
    "dense#r": "is less denser than",
    "acidic#r": "is less acidic than",
    "energetic#f": "is more energetic than",
    "visible#f": "is visibler than",
    "etymologicallyderivedfrom": "etymologically derived from", 
    "derivedfrom": "derivedfrom",
    "synonym": "synonym",
    "genre": "genre", 
    "notdesires":"not desires",
    "field": "field",
    "hasprerequisite":"has prerequisite", 
    "hassubevent":"has subevent",
    "causes":"causes",
    "definedas":"definedas", 
    "antonym":"antonym", 
    "instanceof":"instance of",
    "desireof":"desire of",
    "notcapableof":"not capable of",
    "knownfor":"known for",
    "haslastsubevent":"has last subevent", 
    "madeof":"made of", 
    "hasfirstsubevent":"has first subevent", 
    "nothasproperty":"not has property", 
    "causesdesire":"causes desire", 
    "nothasa":"not has a", 
    "notisa":"not is a", 
    "motivatedbygoal":"motivated by goal", 
    "year intro":"year intro", 
    "locatednear":"located near", 
    "loc invent":"loc invent", 
    "symbolof":"symbol of",
    "notmadeof":"not made of", 
    "food ingredient":"food ingredient", 
    "locationofaction":"location of action", 
    "similarsize":"similar size", 
    "notableidea":"not able idea", 
    "animal species":"animal species", 
    "influencedby":"influenced by", 
    "maininterest":"main interest", 
    "influenced":"influenced"
}